{
    "Viscosity": {
        "Units": "cP", 
        "Standard Deviation": 0.054894732053765036, 
        "Average Value": 0.5579461373589749
    }
}